Pressure (bar),Altitude (m),Kz (cm2/s),LHF,qt,qc,ndz,rg (µm),reff (µm),rw (µm)
0.00119,398672.6101145761,67876509879.516205,0.0,1.9995964724979468e-05,0.0,0.0,0.0,0.0,0.0
0.001335,386797.2827996903,61130749718.53408,0.0,1.9995964724979468e-05,0.0,0.0,0.0,0.0,0.0
0.001495,400979.99472721765,56593915255.75146,0.0,1.9995964724979468e-05,0.0,0.0,0.0,0.0,0.0
0.00168,406004.7264327626,94553528714.25606,0.0,1.9995964724979468e-05,0.0,0.0,0.0,0.0,0.0
0.00189,399731.26337766607,269663327385.13498,0.0,1.9995964724979468e-05,0.0,0.0,0.0,0.0,0.0
0.00212,397377.1088279799,113354994924.59198,0.0,1.9995964724979468e-05,0.0,0.0,0.0,0.0,0.0
0.002375,405650.601917495,50066061578.659966,0.0,1.9995964724979468e-05,0.0,0.0,0.0,0.0,0.0
0.002665,407109.08294031734,102344187881.04535,0.0,1.9995964724979468e-05,0.0,0.0,0.0,0.0,0.0
0.00299,415291.76240832405,202232172526.34387,0.0,1.9995964724979468e-05,0.0,0.0,0.0,0.0,0.0
0.0033550000000000003,416129.7380927601,156408451133.5898,0.0,1.9995964724979468e-05,0.0,0.0,0.0,0.0,0.0
0.003765,414578.03032167826,68270441547.69564,0.0,1.9995964724979468e-05,0.0,0.0,0.0,0.0,0.0
0.004225,412207.50227034,42891271655.53633,0.0,1.9995964724979468e-05,0.0,0.0,0.0,0.0,0.0
0.004739999999999999,419268.59298669687,118540669325.55614,0.0,1.9995964724979468e-05,0.0,0.0,0.0,0.0,0.0
0.005315,428769.16015824454,265658928885.22134,0.0,1.9995964724979468e-05,0.0,0.0,0.0,0.0,0.0
0.005965,424727.76073917095,138438358646.00555,0.0,1.9995964724979468e-05,0.0,0.0,0.0,0.0,0.0
0.0066949999999999996,414194.9276213682,38095036840.963326,0.0,1.9995964724979468e-05,0.0,0.0,0.0,0.0,0.0
0.007509999999999999,403979.0028101149,35713022315.17995,0.0,1.9995964724979468e-05,0.0,0.0,0.0,0.0,0.0
0.008424999999999998,387450.7057365666,33204741487.244377,0.0,1.9995964724979468e-05,0.0,0.0,0.0,0.0,0.0
0.009455,365073.5478932435,30256619903.32865,0.0,1.9995964724979468e-05,0.0,0.0,0.0,0.0,0.0
0.0106,354566.984384804,27290870180.261597,0.0,1.9995964724979468e-05,0.0,0.0,0.0,0.0,0.0
0.0119,335041.148030078,24623962210.70491,0.0,1.9995964724979468e-05,0.0,0.0,0.0,0.0,0.0
0.01335,333606.3335498649,22423336061.645725,0.0,1.9995964724979468e-05,0.0,0.0,0.0,0.0,0.0
0.015,318033.84505687933,20631393990.76067,0.0,1.9995964724979468e-05,0.0,0.0,0.0,0.0,0.0
0.01685,312297.9329654731,19094516822.423725,0.0,1.9995964724979468e-05,0.0,0.0,0.0,0.0,0.0
0.0189,304868.5708744055,17885262411.107197,0.0,1.9995964724979468e-05,0.0,0.0,0.0,0.0,0.0
0.0212,298905.4094119313,16854412818.199121,0.0,1.9995964724979468e-05,0.0,0.0,0.0,0.0,0.0
0.02375,300960.18994739786,15929592412.168583,0.0,1.9995964724979468e-05,0.0,0.0,0.0,0.0,0.0
0.02665,291016.2721523744,15113265547.562382,0.0,1.9995964724979468e-05,0.0,0.0,0.0,0.0,0.0
0.029900000000000003,289361.18763759517,14129924706.665827,0.0,1.9995964724979468e-05,0.0,0.0,0.0,0.0,0.0
0.033549999999999996,290454.240920676,13271691388.00356,0.0,1.9995964724979468e-05,0.0,0.0,0.0,0.0,0.0
0.03765,295311.5350962957,56191536956.61197,0.0,1.9995964724979468e-05,0.0,0.0,0.0,0.0,0.0
0.042249999999999996,294895.67648715666,40100716567.178024,0.0,1.9995964724979468e-05,0.0,0.0,0.0,0.0,0.0
0.0474,296240.7968034467,13126602643.44872,0.0,1.9995964724979468e-05,0.0,0.0,0.0,0.0,0.0
0.05315,299282.2060169281,21983508459.835613,0.0,1.9995964724979468e-05,0.0,0.0,0.0,0.0,0.0
0.05965,295110.5474464306,11456384204.919155,0.0,1.9995964724979468e-05,0.0,0.0,0.0,0.0,0.0
0.0669,295186.8794561332,10980400227.849379,0.0,1.9995964724979468e-05,0.0,0.0,0.0,0.0,0.0
0.07505,293391.92031853844,10463374835.772852,0.0,1.9995964724979468e-05,0.0,0.0,0.0,0.0,0.0
0.08424999999999999,293466.08202012937,9962041985.499104,0.0,1.9995964724979468e-05,0.0,0.0,0.0,0.0,0.0
0.09455,292624.0472209079,17967335793.48937,0.020946541043691445,1.9995964724979468e-05,2.0117759985709514e-06,21.262746347346337,4.8961364528601146e-05,4.8961364528601146e-05,9.79106085485904e-05
0.1061,289287.14723478176,9220043257.37526,0.05004165558414904,2.062308761184424e-05,4.451534654607827e-06,41.8156282944457,5.287301614921673e-05,5.287301614921673e-05,0.00010572947743382058
0.119045,287154.98354207736,,,2.3350782841231277e-05,1.2776754886126267e-05,,,,1e-10
0.13357,288185.5129144555,,,3.198489558743256e-05,2.4958546147172812e-05,,,,1e-10
0.14987,290940.10648335074,,,5.007858283334639e-05,4.34907409961758e-05,,,,1e-10
0.16815999999999998,294024.32425948326,,,6.288440832414646e-05,5.4971234606001915e-05,,,,1e-10
0.18868000000000001,297761.1796732552,,,7.340230911584814e-05,6.341671617012055e-05,,,,1e-10
0.2117,302118.83084384224,,,8.566570545379942e-05,7.243844441184875e-05,,,,1e-10
0.23753000000000002,307221.1766899722,,,9.60129228520546e-05,7.750877879418714e-05,,,,1e-10
0.266515,311943.6253669947,,,0.00010655971781165412,7.932809947000004e-05,,,,1e-10
0.299035,317872.9558865904,,,0.0001153558810574409,7.614748608746894e-05,,,,1e-10
0.33552000000000004,326035.5467147178,,,0.00012600873169991362,6.687711312260811e-05,,,,1e-10
0.37646,333924.3818096515,,,0.00013206647034600828,2.632406237492978e-05,,,,1e-10
0.422395,340580.30278798676,47297162465.172005,0.0,0.000134,0.0,0.0,0.0,0.0,0.0
0.473935,350250.06660420285,37915443248.33768,0.0,0.000134,0.0,0.0,0.0,0.0,0.0
0.531765,363551.2621828785,67484236819.82038,0.0,0.000134,0.0,0.0,0.0,0.0,0.0
0.5966499999999999,376035.85842367867,82154183824.61955,0.0,0.000134,0.0,0.0,0.0,0.0,0.0
0.6694549999999999,672381.8269825769,65449406910.80914,0.0,0.000134,0.0,0.0,0.0,0.0,0.0
0.7996,545541.5374256365,73936967878.68517,0.0,0.000134,0.0,0.0,0.0,0.0,0.0
0.9456249999999999,621828.9908732936,100806342484.45738,0.0,0.000134,0.0,0.0,0.0,0.0,0.0
1.1,658758.6628747352,82274407213.82803,0.0,0.000134,0.0,0.0,0.0,0.0,0.0
1.2999999999999998,593438.300012631,83162757560.58122,0.0,0.000134,0.0,0.0,0.0,0.0,0.0
1.5,542007.1125687374,83846115789.33536,0.0,0.000134,0.0,0.0,0.0,0.0,0.0
1.7000000000000002,500268.5624273268,84394927933.4148,0.0,0.000134,0.0,0.0,0.0,0.0,0.0
1.9,465595.89317923447,84860408584.30908,0.0,0.000134,0.0,0.0,0.0,0.0,0.0
2.1,436252.6531248683,85260049840.33386,0.0,0.000134,0.0,0.0,0.0,0.0,0.0
2.3,411040.63615683187,85615110631.58795,0.0,0.000134,0.0,0.0,0.0,0.0,0.0
2.5,389103.63829977566,85936032673.86656,0.0,0.000134,0.0,0.0,0.0,0.0,0.0
2.7,369812.0208133168,86230860084.19873,0.0,0.000134,0.0,0.0,0.0,0.0,0.0
2.9,352691.47369136004,86504795306.19136,0.0,0.000134,0.0,0.0,0.0,0.0,0.0
3.1,337377.2394912536,86762266756.14133,0.0,0.000134,0.0,0.0,0.0,0.0,0.0
3.3,323583.8200985031,87005535479.8912,0.0,0.000134,0.0,0.0,0.0,0.0,0.0
3.5,311084.25671789394,87237477254.60025,0.0,0.000134,0.0,0.0,0.0,0.0,0.0
3.7,299695.6167350536,87459352459.36813,0.0,0.000134,0.0,0.0,0.0,0.0,0.0
3.9,289268.77635052835,87671564764.60359,0.0,0.000134,0.0,0.0,0.0,0.0,0.0
4.1,279680.5750404304,87877954363.50159,0.0,0.000134,0.0,0.0,0.0,0.0,0.0
4.300000000000001,270828.89118009043,88070794588.32317,0.0,0.000134,0.0,0.0,0.0,0.0,0.0
4.5,262627.72899247566,88269446433.23541,0.0,0.000134,0.0,0.0,0.0,0.0,0.0
4.699999999999999,255004.2167773082,88456231308.06676,0.0,0.000134,0.0,0.0,0.0,0.0,0.0
4.9,247896.29721225036,88638077978.729,0.0,0.000134,0.0,0.0,0.0,0.0,0.0
5.1,241250.70796302723,88814985147.5275,0.0,0.000134,0.0,0.0,0.0,0.0,0.0
5.300000000000001,235021.45168999434,88987604553.85081,0.0,0.000134,0.0,0.0,0.0,0.0,0.0
5.5,229168.58838711437,89155971014.65475,0.0,0.000134,0.0,0.0,0.0,0.0,0.0
5.699999999999999,223657.24280212808,89320798966.22406,0.0,0.000134,0.0,0.0,0.0,0.0,0.0
5.9,218456.8233490525,89481592304.85985,0.0,0.000134,0.0,0.0,0.0,0.0,0.0
6.1,213540.38448965916,89638989967.99353,0.0,0.000134,0.0,0.0,0.0,0.0,0.0
6.300000000000001,208884.06805755367,89793633256.79297,0.0,0.000134,0.0,0.0,0.0,0.0,0.0
6.5,204639.47777233145,89944459255.8721,0.0,0.000134,0.0,0.0,0.0,0.0,0.0
6.699999999999999,200512.73888499627,102812405169.33473,0.0,0.000134,0.0,0.0,0.0,0.0,0.0
6.9,196497.53751354726,89489544072.6397,0.0,0.000134,0.0,0.0,0.0,0.0,0.0
7.1,192672.3839252756,89677248163.48477,0.0,0.000134,0.0,0.0,0.0,0.0,0.0
7.300000000000001,189023.3346121833,89844092152.4947,0.0,0.000134,0.0,0.0,0.0,0.0,0.0
7.5,185537.87564965992,90011519227.23375,0.0,0.000134,0.0,0.0,0.0,0.0,0.0
7.699999999999999,182204.657071436,90174864804.93004,0.0,0.000134,0.0,0.0,0.0,0.0,0.0
7.9,179007.50669035286,90334484474.49069,0.0,0.000134,0.0,0.0,0.0,0.0,0.0
8.099995,175951.91456202773,90494711500.47603,0.0,0.000134,0.0,0.0,0.0,0.0,0.0
8.299990000000001,173020.20767193375,90642529831.9353,0.0,0.000134,0.0,0.0,0.0,0.0,0.0
8.49999,170201.75743787235,90791671129.35846,0.0,0.000134,0.0,0.0,0.0,0.0,0.0
8.69999,167492.3896132402,90937302115.64113,0.0,0.000134,0.0,0.0,0.0,0.0,0.0
8.899989999999999,164885.54633935975,91080007050.25403,0.0,0.000134,0.0,0.0,0.0,0.0,0.0
9.09999,162375.19954817306,91219661389.93329,0.0,0.000134,0.0,0.0,0.0,0.0,0.0
9.299990000000001,159955.79492392397,91356682637.12071,0.0,0.000134,0.0,0.0,0.0,0.0,0.0
9.49999,157622.2074332445,91490805591.39352,0.0,0.000134,0.0,0.0,0.0,0.0,0.0
9.69999,155369.7008257147,91622374530.18498,0.0,0.000134,0.0,0.0,0.0,0.0,0.0
9.899989999999999,153193.8919239454,91751523067.74242,0.0,0.000134,0.0,0.0,0.0,0.0,0.0
10.09999,151090.6941684949,91878632901.47897,0.0,0.000134,0.0,0.0,0.0,0.0,0.0
10.299990000000001,149056.35527260252,92000215688.57498,0.0,0.000134,0.0,0.0,0.0,0.0,0.0
10.49999,147087.36282065336,92125040696.57835,0.0,0.000134,0.0,0.0,0.0,0.0,0.0
10.69999,145180.3659315394,92245124878.06967,0.0,0.000134,0.0,0.0,0.0,0.0,0.0
10.899989999999999,143332.41936578366,92350874769.9852,0.0,0.000134,0.0,0.0,0.0,0.0,0.0
11.09999,141540.673693588,92478959678.92259,0.0,0.000134,0.0,0.0,0.0,0.0,0.0
11.299990000000001,139802.43118425898,92593159160.02528,0.0,0.000134,0.0,0.0,0.0,0.0,0.0
11.49999,138115.1927210427,92705793537.12804,0.0,0.000134,0.0,0.0,0.0,0.0,0.0
11.69999,136476.62276854215,92815516269.74179,0.0,0.000134,0.0,0.0,0.0,0.0,0.0
11.899989999999999,134884.53216092553,92924409139.42801,0.0,0.000134,0.0,0.0,0.0,0.0,0.0
12.09999,133336.85500771413,93031952109.12823,0.0,0.000134,0.0,0.0,0.0,0.0,0.0
12.299990000000001,131831.65810856028,93136441650.40347,0.0,0.000134,0.0,0.0,0.0,0.0,0.0
12.49999,130367.11988256023,93240817927.90956,0.0,0.000134,0.0,0.0,0.0,0.0,0.0
12.69999,128941.51803288984,93343208353.03763,0.0,0.000134,0.0,0.0,0.0,0.0,0.0
12.899989999999999,127553.23698106561,93443211527.6864,0.0,0.000134,0.0,0.0,0.0,0.0,0.0
13.09999,126200.7496488032,93543110031.85439,0.0,0.000134,0.0,0.0,0.0,0.0,0.0
13.299990000000001,124882.60742427656,93641296118.90448,0.0,0.000134,0.0,0.0,0.0,0.0,0.0
13.49999,123597.44767947166,93737154005.13348,0.0,0.000134,0.0,0.0,0.0,0.0,0.0
13.69999,122343.97783436038,93832851654.812,0.0,0.000134,0.0,0.0,0.0,0.0,0.0
13.899989999999999,121120.975646235,93926532781.89455,0.0,0.000134,0.0,0.0,0.0,0.0,0.0
14.09999,119927.27800005507,94019724897.4749,0.0,0.000134,0.0,0.0,0.0,0.0,0.0
14.299990000000001,118761.78717299289,94110410047.17683,0.0,0.000134,0.0,0.0,0.0,0.0,0.0
14.49999,117623.46028819603,94201232944.0256,0.0,0.000134,0.0,0.0,0.0,0.0,0.0
14.69999,116511.30250128459,94290663275.47661,0.0,0.000134,0.0,0.0,0.0,0.0,0.0
14.899989999999999,115424.36983610854,94378284735.0579,0.0,0.000134,0.0,0.0,0.0,0.0,0.0
15.09999,114361.76784502112,94464860674.35057,0.0,0.000134,0.0,0.0,0.0,0.0,0.0
15.299990000000001,113322.64255058928,94551148128.05412,0.0,0.000134,0.0,0.0,0.0,0.0,0.0
15.49999,112306.17879293094,94636002751.7693,0.0,0.000134,0.0,0.0,0.0,0.0,0.0
15.69999,111311.6035037961,94719472894.64253,0.0,0.000134,0.0,0.0,0.0,0.0,0.0
15.899989999999999,110338.1755901692,94802864173.98923,0.0,0.000134,0.0,0.0,0.0,0.0,0.0
16.09999,109385.19041349465,94884250612.7168,0.0,0.000134,0.0,0.0,0.0,0.0,0.0
16.29999,108451.97396088552,94965538435.04369,0.0,0.000134,0.0,0.0,0.0,0.0,0.0
16.499989999999997,107537.88186797638,95045366461.43318,0.0,0.000134,0.0,0.0,0.0,0.0,0.0
16.69999,106642.29857857004,95124299352.80562,0.0,0.000134,0.0,0.0,0.0,0.0,0.0
16.899990000000003,105764.6382988098,95202222512.60672,0.0,0.000134,0.0,0.0,0.0,0.0,0.0
17.09999,104904.33454901287,95280354270.34636,0.0,0.000134,0.0,0.0,0.0,0.0,0.0
17.29999,104060.85110406237,95355810753.06967,0.0,0.000134,0.0,0.0,0.0,0.0,0.0
17.499989999999997,103233.67010571835,95432511859.47421,0.0,0.000134,0.0,0.0,0.0,0.0,0.0
17.69999,102422.29686383263,95506806124.5936,0.0,0.000134,0.0,0.0,0.0,0.0,0.0
17.899990000000003,101626.2561321619,95581237416.39249,0.0,0.000134,0.0,0.0,0.0,0.0,0.0
18.09999,100845.09265247983,95654152475.42615,0.0,0.000134,0.0,0.0,0.0,0.0,0.0
18.29999,100078.37009874832,95726690186.82108,0.0,0.000134,0.0,0.0,0.0,0.0,0.0
18.499989999999997,99325.67004832823,95798564346.60269,0.0,0.000134,0.0,0.0,0.0,0.0,0.0
18.69999,98586.5870393507,95870190585.21861,0.0,0.000134,0.0,0.0,0.0,0.0,0.0
18.899990000000003,97860.73499421876,95939775395.8691,0.0,0.000134,0.0,0.0,0.0,0.0,0.0
19.09999,97147.74311746287,96009897256.21179,0.0,0.000134,0.0,0.0,0.0,0.0,0.0
19.29999,96447.24965206397,96079469137.43018,0.0,0.000134,0.0,0.0,0.0,0.0,0.0
19.499989999999997,95758.91292405703,96146599153.65843,0.0,0.000134,0.0,0.0,0.0,0.0,0.0
19.69999,95082.3997430344,96215393441.61496,0.0,0.000134,0.0,0.0,0.0,0.0,0.0
19.899990000000003,94417.39168366481,96281661807.10608,0.0,0.000134,0.0,0.0,0.0,0.0,0.0
20.09999,93763.5799455535,96348775685.7764,0.0,0.000134,0.0,0.0,0.0,0.0,0.0
20.29999,93120.66778734486,96413986764.32895,0.0,0.000134,0.0,0.0,0.0,0.0,0.0
20.499989999999997,92488.3699757245,96479144138.44029,0.0,0.000134,0.0,0.0,0.0,0.0,0.0
20.69999,91866.4114938781,96543777717.0823,0.0,0.000134,0.0,0.0,0.0,0.0,0.0
20.899990000000003,91254.52491202866,96608185831.42616,0.0,0.000134,0.0,0.0,0.0,0.0,0.0
21.09999,90652.45427836585,96671064574.6809,0.0,0.000134,0.0,0.0,0.0,0.0,0.0
21.29999,90059.95179174643,96734284493.64215,0.0,0.000134,0.0,0.0,0.0,0.0,0.0
21.499989999999997,89476.77879848803,96796515128.31195,0.0,0.000134,0.0,0.0,0.0,0.0,0.0
21.69999,88902.70193693585,96858829440.9555,0.0,0.000134,0.0,0.0,0.0,0.0,0.0
21.899990000000003,88337.49971861993,96919029188.71326,0.0,0.000134,0.0,0.0,0.0,0.0,0.0
22.09999,87780.95592650498,96980647303.80153,0.0,0.000134,0.0,0.0,0.0,0.0,0.0
22.29999,87232.86068675683,97040631228.11713,0.0,0.000134,0.0,0.0,0.0,0.0,0.0
22.499989999999997,86693.0122093806,97100035268.99307,0.0,0.000134,0.0,0.0,0.0,0.0,0.0
22.69999,86161.2157697622,97159089810.83487,0.0,0.000134,0.0,0.0,0.0,0.0,0.0
22.899990000000003,85637.28209327009,97218023977.50923,0.0,0.000134,0.0,0.0,0.0,0.0,0.0
23.09999,85121.02776531108,97276207890.71059,0.0,0.000134,0.0,0.0,0.0,0.0,0.0
23.29999,84612.27691553225,97333850415.53127,0.0,0.000134,0.0,0.0,0.0,0.0,0.0
23.499989999999997,84110.8551622194,97392028428.07684,0.0,0.000134,0.0,0.0,0.0,0.0,0.0
23.69999,83616.59775215475,97447467136.2811,0.0,0.000134,0.0,0.0,0.0,0.0,0.0
23.899990000000003,83126.58748048921,97504721210.52258,0.0,0.000134,0.0,0.0,0.0,0.0,0.0
24.099985,82647.58581031518,97565351030.8358,0.0,0.000134,0.0,0.0,0.0,0.0,0.0
24.299979999999998,82175.25583461454,97615795268.93428,0.0,0.000134,0.0,0.0,0.0,0.0,0.0
24.49998,81708.09052329691,97670887089.46022,0.0,0.000134,0.0,0.0,0.0,0.0,0.0
24.69998,81247.3295085014,97725918666.05832,0.0,0.000134,0.0,0.0,0.0,0.0,0.0
24.89998,80792.83567364053,97779255954.328,0.0,0.000134,0.0,0.0,0.0,0.0,0.0
25.099980000000002,80344.474465023,97833788554.06279,0.0,0.000134,0.0,0.0,0.0,0.0,0.0
25.299979999999998,79902.11495522696,97886956103.08551,0.0,0.000134,0.0,0.0,0.0,0.0,0.0
25.49998,79465.63089233165,97939829459.616,0.0,0.000134,0.0,0.0,0.0,0.0,0.0
25.69998,79034.89876449118,97992570864.54712,0.0,0.000134,0.0,0.0,0.0,0.0,0.0
25.89998,78609.8005873749,98044405376.12228,0.0,0.000134,0.0,0.0,0.0,0.0,0.0
26.099980000000002,78190.21853046353,98097360227.20724,0.0,0.000134,0.0,0.0,0.0,0.0,0.0
26.299979999999998,77776.03945500299,98147822818.73721,0.0,0.000134,0.0,0.0,0.0,0.0,0.0
26.49998,77367.15532707206,98198759472.88206,0.0,0.000134,0.0,0.0,0.0,0.0,0.0
26.69998,76963.457959917,98250328750.63638,0.0,0.000134,0.0,0.0,0.0,0.0,0.0
26.89998,76564.84403057858,98299796495.66762,0.0,0.000134,0.0,0.0,0.0,0.0,0.0
27.099980000000002,76171.2127051978,98350176737.76707,0.0,0.000134,0.0,0.0,0.0,0.0,0.0
27.299979999999998,75782.46608262132,98399676064.4449,0.0,0.000134,0.0,0.0,0.0,0.0,0.0
27.49998,75398.50855169528,98449396495.60156,0.0,0.000134,0.0,0.0,0.0,0.0,0.0
27.69998,75019.24670304399,98498490249.11884,0.0,0.000134,0.0,0.0,0.0,0.0,0.0
27.89998,74644.58871554337,98547077765.68633,0.0,0.000134,0.0,0.0,0.0,0.0,0.0
28.099980000000002,74274.44803644481,98594282143.93758,0.0,0.000134,0.0,0.0,0.0,0.0,0.0
28.299979999999998,73908.73896422316,98643212447.94395,0.0,0.000134,0.0,0.0,0.0,0.0,0.0
28.49998,73547.35026502595,98690998539.643,0.0,0.000134,0.0,0.0,0.0,0.0,0.0
28.69998,73190.24119893924,98712414737.36055,0.0,0.000134,0.0,0.0,0.0,0.0,0.0
28.89998,72837.33131885198,98785562279.27966,0.0,0.000134,0.0,0.0,0.0,0.0,0.0
29.099980000000002,72488.52978438468,98831558096.36531,0.0,0.000134,0.0,0.0,0.0,0.0,0.0
29.299979999999998,72143.76213111043,98877853121.54553,0.0,0.000134,0.0,0.0,0.0,0.0,0.0
29.49998,71802.95386785125,98924563752.4528,0.0,0.000134,0.0,0.0,0.0,0.0,0.0
29.69998,71466.0345171209,98969725831.78403,0.0,0.000134,0.0,0.0,0.0,0.0,0.0
29.89998,71132.9319698115,99016557414.94211,0.0,0.000134,0.0,0.0,0.0,0.0,0.0
30.099980000000002,70803.57950374097,99059936506.11607,0.0,0.000134,0.0,0.0,0.0,0.0,0.0
30.299979999999998,70477.91018212182,99106247321.24826,0.0,0.000134,0.0,0.0,0.0,0.0,0.0
30.49998,70155.8583106397,99150330252.79956,0.0,0.000134,0.0,0.0,0.0,0.0,0.0
30.69998,69837.3618604283,99194382479.36893,0.0,0.000134,0.0,0.0,0.0,0.0,0.0
30.89998,69522.35797280972,99239572778.41647,0.0,0.000134,0.0,0.0,0.0,0.0,0.0
31.099980000000002,69210.78587424083,99282781804.9994,0.0,0.000134,0.0,0.0,0.0,0.0,0.0
31.299979999999998,68902.58634182019,99326237663.77818,0.0,0.000134,0.0,0.0,0.0,0.0,0.0
31.49998,68597.70307800343,99368947878.33116,0.0,0.000134,0.0,0.0,0.0,0.0,0.0
31.69998,68296.07836053833,99413177721.61438,0.0,0.000134,0.0,0.0,0.0,0.0,0.0
31.89998,67997.6577828261,99454644139.84357,0.0,0.000134,0.0,0.0,0.0,0.0,0.0
32.09998,67702.38829681127,99497807591.11897,0.0,0.000134,0.0,0.0,0.0,0.0,0.0
32.29998,67410.21629732709,99540560441.87875,0.0,0.000134,0.0,0.0,0.0,0.0,0.0
32.49998,67121.0899528376,99581865605.58076,0.0,0.000134,0.0,0.0,0.0,0.0,0.0
32.69998,66834.96099372384,99622903347.36316,0.0,0.000134,0.0,0.0,0.0,0.0,0.0
32.89998,66551.7786692935,99666000288.60454,0.0,0.000134,0.0,0.0,0.0,0.0,0.0
33.09998,66271.49570941164,99705614898.07906,0.0,0.000134,0.0,0.0,0.0,0.0,0.0
33.29998,65994.06553354856,99747451162.20763,0.0,0.000134,0.0,0.0,0.0,0.0,0.0
33.49998,65719.44221392731,99788195871.20293,0.0,0.000134,0.0,0.0,0.0,0.0,0.0
33.69998,65447.580464336505,99829054140.11368,0.0,0.000134,0.0,0.0,0.0,0.0,0.0
33.89998,65178.436503909186,99868950278.53479,0.0,0.000134,0.0,0.0,0.0,0.0,0.0
34.09998,64911.96801715862,99909099338.84483,0.0,0.000134,0.0,0.0,0.0,0.0,0.0
34.29998,64648.131918532716,99949576166.00294,0.0,0.000134,0.0,0.0,0.0,0.0,0.0
34.49998,64386.887856070054,99988122058.64055,0.0,0.000134,0.0,0.0,0.0,0.0,0.0
34.69998,64128.1951103521,100028294353.27065,0.0,0.000134,0.0,0.0,0.0,0.0,0.0
34.89998,63872.01517783449,100066652364.2803,0.0,0.000134,0.0,0.0,0.0,0.0,0.0
35.09998,63618.30829315249,100106784056.12444,0.0,0.000134,0.0,0.0,0.0,0.0,0.0
35.29998,63367.037284372214,100144029894.86745,0.0,0.000134,0.0,0.0,0.0,0.0,0.0
35.49998,63118.165820988055,100183184745.6109,0.0,0.000134,0.0,0.0,0.0,0.0,0.0
35.69998,62871.657537476705,100221942632.16444,0.0,0.000134,0.0,0.0,0.0,0.0,0.0
35.89998,62627.47603780324,100260360359.71333,0.0,0.000134,0.0,0.0,0.0,0.0,0.0
36.09998,62385.586976806415,100297286627.42949,0.0,0.000134,0.0,0.0,0.0,0.0,0.0
36.29998,62145.956766605275,100335187863.9436,0.0,0.000134,0.0,0.0,0.0,0.0,0.0
36.49998,61908.552138876374,100372918186.70578,0.0,0.000134,0.0,0.0,0.0,0.0,0.0
36.69998,61673.340547560205,100410533622.64256,0.0,0.000134,0.0,0.0,0.0,0.0,0.0
36.89998,61440.28851946546,100448090009.78981,0.0,0.000134,0.0,0.0,0.0,0.0,0.0
37.09998,61209.366539309056,100483176032.29494,0.0,0.000134,0.0,0.0,0.0,0.0,0.0
37.29998,60980.54290864128,100522008145.57025,0.0,0.000134,0.0,0.0,0.0,0.0,0.0
37.49998,60753.78739479203,100557227466.79767,0.0,0.000134,0.0,0.0,0.0,0.0,0.0
37.69998,60529.07041055275,100593836342.46065,0.0,0.000134,0.0,0.0,0.0,0.0,0.0
37.89998,60306.36378116753,100629397977.93523,0.0,0.000134,0.0,0.0,0.0,0.0,0.0
38.09998,60085.63834549861,100666469066.03242,0.0,0.000134,0.0,0.0,0.0,0.0,0.0
38.29998,59866.86672245547,100701328188.62172,0.0,0.000134,0.0,0.0,0.0,0.0,0.0
38.49998,59650.02093044335,100737805159.98128,0.0,0.000134,0.0,0.0,0.0,0.0,0.0
38.69998,59435.07472537609,100772147869.76245,0.0,0.000134,0.0,0.0,0.0,0.0,0.0
38.89998,59222.00124545579,100808216183.47537,0.0,0.000134,0.0,0.0,0.0,0.0,0.0
39.09998,59010.77532591865,100842227378.87454,0.0,0.000134,0.0,0.0,0.0,0.0,0.0
39.29998,58801.37193404205,100878071306.017,0.0,0.000134,0.0,0.0,0.0,0.0,0.0
39.49998,58593.765016104284,100913228931.24821,0.0,0.000134,0.0,0.0,0.0,0.0,0.0
39.69998,251715.01241091298,100946438772.73944,0.0,0.000134,0.0,0.0,0.0,0.0,0.0
40.399975,305008.36318875814,101060628136.3252,0.0,0.000134,0.0,0.0,0.0,0.0,0.0
41.49997,280919.6028604286,101248818185.56264,0.0,0.000134,0.0,0.0,0.0,0.0,0.0
42.49997,276345.16121864476,101411416971.69104,0.0,0.000134,0.0,0.0,0.0,0.0,0.0
43.49997,271947.65581584565,101571002863.94958,0.0,0.000134,0.0,0.0,0.0,0.0,0.0
44.49997,267716.4545613798,101726302542.4147,0.0,0.000134,0.0,0.0,0.0,0.0,0.0
45.49997,263641.7784263522,101878754672.97186,0.0,0.000134,0.0,0.0,0.0,0.0,0.0
46.49997,259714.61888778114,102027507202.6154,0.0,0.000134,0.0,0.0,0.0,0.0,0.0
47.49997,255926.66443337259,102173128297.44252,0.0,0.000134,0.0,0.0,0.0,0.0,0.0
48.49997,252270.2343194097,102315637990.0342,0.0,0.000134,0.0,0.0,0.0,0.0,0.0
49.49997,248738.21283213113,102455412140.09853,0.0,0.000134,0.0,0.0,0.0,0.0,0.0
50.49997,245324.00876837957,102591984741.08092,0.0,0.000134,0.0,0.0,0.0,0.0,0.0
51.49997,242021.49095664162,102726542949.50603,0.0,0.000134,0.0,0.0,0.0,0.0,0.0
52.49997,238824.96465196175,102857565498.90314,0.0,0.000134,0.0,0.0,0.0,0.0,0.0
53.49997,235729.12181372684,102986843380.46461,0.0,0.000134,0.0,0.0,0.0,0.0,0.0
54.49997,232729.01272712793,103113116478.78836,0.0,0.000134,0.0,0.0,0.0,0.0,0.0
55.49997,229818.5010199078,103237239616.46008,0.0,0.000134,0.0,0.0,0.0,0.0,0.0
56.499965,226997.0875139964,103359971416.13097,0.0,0.000134,0.0,0.0,0.0,0.0,0.0
57.49996,224258.39209006354,103478827986.57677,0.0,0.000134,0.0,0.0,0.0,0.0,0.0
58.49996,221597.888298671,103596029289.68733,0.0,0.000134,0.0,0.0,0.0,0.0,0.0
59.49996,219012.78188620647,103711604895.76834,0.0,0.000134,0.0,0.0,0.0,0.0,0.0
60.49996,216499.73094993917,103824771947.56303,0.0,0.000134,0.0,0.0,0.0,0.0,0.0
61.49996,214055.5974523999,103936053414.01526,0.0,0.000134,0.0,0.0,0.0,0.0,0.0
62.49996,211677.42395854986,104045899855.61996,0.0,0.000134,0.0,0.0,0.0,0.0,0.0
63.49996,209362.42070530544,104153572286.74648,0.0,0.000134,0.0,0.0,0.0,0.0,0.0
64.49996,207107.966625778,104258960290.93692,0.0,0.000134,0.0,0.0,0.0,0.0,0.0
65.49996,204911.57963233575,104363774565.80667,0.0,0.000134,0.0,0.0,0.0,0.0,0.0
66.49996,202770.91734671994,104465869910.37619,0.0,0.000134,0.0,0.0,0.0,0.0,0.0
67.49996,200683.7647836625,104566829710.56606,0.0,0.000134,0.0,0.0,0.0,0.0,0.0
68.49996,198648.02725100023,104665874368.93729,0.0,0.000134,0.0,0.0,0.0,0.0,0.0
69.49996,196661.7196898242,104763720138.08505,0.0,0.000134,0.0,0.0,0.0,0.0,0.0
70.49996,194722.9621153831,104859843577.4216,0.0,0.000134,0.0,0.0,0.0,0.0,0.0
71.49996,192828.69311426516,104954863905.08829,0.0,0.000134,0.0,0.0,0.0,0.0,0.0
72.499955,190980.42661320505,105048768666.42786,0.0,0.000134,0.0,0.0,0.0,0.0,0.0
73.49995,189174.6032157535,105139756274.86708,0.0,0.000134,0.0,0.0,0.0,0.0,0.0
74.49995,187409.06812848823,105230231604.52573,0.0,0.000134,0.0,0.0,0.0,0.0,0.0
75.49995,185683.00983783382,105319159902.6189,0.0,0.000134,0.0,0.0,0.0,0.0,0.0
76.49995,183995.04285413027,105407378791.22147,0.0,0.000134,0.0,0.0,0.0,0.0,0.0
77.49995,182343.84670713433,105493982167.3566,0.0,0.000134,0.0,0.0,0.0,0.0,0.0
78.49995,180728.16472373594,105579301999.33658,0.0,0.000134,0.0,0.0,0.0,0.0,0.0
79.49995,179146.79629642784,105663646476.98824,0.0,0.000134,0.0,0.0,0.0,0.0,0.0
80.49995,177598.5989792662,105746406211.07782,0.0,0.000134,0.0,0.0,0.0,0.0,0.0
81.49995,176082.47765690266,105828718706.15431,0.0,0.000134,0.0,0.0,0.0,0.0,0.0
82.49995,174597.38889207787,105909000498.28612,0.0,0.000134,0.0,0.0,0.0,0.0,0.0
83.49995,173142.33523293422,105988793986.54933,0.0,0.000134,0.0,0.0,0.0,0.0,0.0
84.49995,171716.36159071748,106067351823.38535,0.0,0.000134,0.0,0.0,0.0,0.0,0.0
85.49995,170318.5545471449,106144806229.56447,0.0,0.000134,0.0,0.0,0.0,0.0,0.0
86.49995,168948.03996601963,106221267742.35309,0.0,0.000134,0.0,0.0,0.0,0.0,0.0
87.49995,167602.8698811335,106296825443.3862,0.0,0.000134,0.0,0.0,0.0,0.0,0.0
88.499945,166285.03153079108,106372126201.11067,0.0,0.000134,0.0,0.0,0.0,0.0,0.0
89.49994,164992.06140363286,106444986432.37141,0.0,0.000134,0.0,0.0,0.0,0.0,0.0
90.49994,163722.67676947732,106517173260.76617,0.0,0.000134,0.0,0.0,0.0,0.0,0.0
91.49994,162476.7263538079,106589077897.88918,0.0,0.000134,0.0,0.0,0.0,0.0,0.0
92.49994,161253.52913059623,106659703750.26016,0.0,0.000134,0.0,0.0,0.0,0.0,0.0
93.49994,160052.43138027028,106729504108.67767,0.0,0.000134,0.0,0.0,0.0,0.0,0.0
94.49994,158872.80604111048,106798423738.58421,0.0,0.000134,0.0,0.0,0.0,0.0,0.0
95.49994,157714.0474141699,106866897122.83833,0.0,0.000134,0.0,0.0,0.0,0.0,0.0
96.49994,156575.57547290256,106933814893.19324,0.0,0.000134,0.0,0.0,0.0,0.0,0.0
97.49994,155456.8307500605,107000603166.81288,0.0,0.000134,0.0,0.0,0.0,0.0,0.0
98.49994,154357.2740316809,107066110059.31966,0.0,0.000134,0.0,0.0,0.0,0.0,0.0
99.49994,51245.39362918059,107130708454.01973,0.0,0.000134,0.0,0.0,0.0,0.0,0.0
